Workbook

Sheet 田中
A1: 売上明細表 | G1: 田中 一郎
G2: 単位：円
A3: 分類 | B3: 第1週 | C3: 第2週 | D3: 第3週 | E3: 第4週 | F3: 第5週 | G3: 合計
A4: シャープペンシル | B4: 20000 | C4: 58000 | D4: 158200 | E4: 642900 | F4: 12800 | G4: =SUM(B4:F4) -> 891900
A5: ボールペン | B5: 8800 | C5: 2400 | D5: 3600 | E5: 2300 | F5: 2700 | G5: =SUM(B5:F5) -> 19800
A6: 消しゴム | B6: 4800 | C6: 0 | D6: 5800 | E6: 8800 | F6: 0 | G6: =SUM(B6:F6) -> 19400
A7: 替え芯 | B7: 9800 | C7: 10500 | D7: 8900 | E7: 12500 | F7: 9800 | G7: =SUM(B7:F7) -> 51500
A8: 蛍光ペン | B8: 12900 | C8: 29800 | D8: 58600 | E8: 29800 | F8: 0 | G8: =SUM(B8:F8) -> 131100
A9: その他 | B9: 56000 | C9: 12580 | D9: 3600 | E9: 48000 | F9: 59800 | G9: =SUM(B9:F9) -> 179980
A10: 合計 | B10: =SUM(B4:B9) -> 112300 | C10: =SUM(C4:C9) -> 113280 | D10: =SUM(D4:D9) -> 238700 | E10: =SUM(E4:E9) -> 744300 | F10: =SUM(F4:F9) -> 85100 | G10: =SUM(B10:F10) -> 1293680

Sheet 鈴木
A1: 売上明細表 | G1: 鈴木 典弘
G2: 単位：円
A3: 分類 | B3: 第1週 | C3: 第2週 | D3: 第3週 | E3: 第4週 | F3: 第5週 | G3: 合計
A4: シャープペンシル | B4: 35000 | C4: 35220 | D4: 3500 | E4: 78900 | F4: 8500 | G4: =SUM(B4:F4) -> 161120
A5: ボールペン | B5: 25000 | C5: 2400 | D5: 2600 | E5: 4680 | F5: 2700 | G5: =SUM(B5:F5) -> 37380
A6: 消しゴム | B6: 8500 | C6: 0 | D6: 6900 | E6: 0 | F6: 0 | G6: =SUM(B6:F6) -> 15400
A7: 替え芯 | B7: 5500 | C7: 9700 | D7: 6500 | E7: 8200 | F7: 0 | G7: =SUM(B7:F7) -> 29900
A8: 蛍光ペン | B8: 5000 | C8: 35980 | D8: 48980 | E8: 35980 | F8: 26840 | G8: =SUM(B8:F8) -> 152780
A9: その他 | B9: 21000 | C9: 48600 | D9: 4500 | E9: 68200 | F9: 2250 | G9: =SUM(B9:F9) -> 144550
A10: 合計 | B10: =SUM(B4:B9) -> 100000 | C10: =SUM(C4:C9) -> 131900 | D10: =SUM(D4:D9) -> 72980 | E10: =SUM(E4:E9) -> 195960 | F10: =SUM(F4:F9) -> 40290 | G10: =SUM(B10:F10) -> 541130

Sheet 中村
A1: 売上明細表 | G1: 中村 正弘
G2: 単位：円
A3: 分類 | B3: 第1週 | C3: 第2週 | D3: 第3週 | E3: 第4週 | F3: 第5週 | G3: 合計
A4: シャープペンシル | B4: 35000 | C4: 33900 | D4: 58300 | E4: 38400 | F4: 4600 | G4: =SUM(B4:F4) -> 170200
A5: ボールペン | B5: 5900 | C5: 6400 | D5: 5800 | E5: 6400 | F5: 1500 | G5: =SUM(B5:F5) -> 26000
A6: 消しゴム | B6: 2800 | C6: 5600 | D6: 0 | E6: 5900 | F6: 700 | G6: =SUM(B6:F6) -> 15000
A7: 替え芯 | B7: 22400 | C7: 52100 | D7: 14600 | E7: 34900 | F7: 0 | G7: =SUM(B7:F7) -> 124000
A8: 蛍光ペン | B8: 8600 | C8: 9800 | D8: 0 | E8: 3500 | F8: 4800 | G8: =SUM(B8:F8) -> 26700
A9: その他 | B9: 46500 | C9: 6500 | D9: 87980 | E9: 24000 | F9: 0 | G9: =SUM(B9:F9) -> 164980
A10: 合計 | B10: =SUM(B4:B9) -> 121200 | C10: =SUM(C4:C9) -> 114300 | D10: =SUM(D4:D9) -> 166680 | E10: =SUM(E4:E9) -> 113100 | F10: =SUM(F4:F9) -> 11600 | G10: =SUM(B10:F10) -> 526880

Sheet 売上集計
A1: 売上表 | G1: 第2営業課
G2: 単位：円
A3: 分類 | B3: 第1週 | C3: 第2週 | D3: 第3週 | E3: 第4週 | F3: 第5週 | G3: 合計
A4: シャープペンシル | B4: =SUM(田中:中村!B4) -> 90000 | C4: =SUM(田中:中村!C4) -> 127120 | D4: =SUM(田中:中村!D4) -> 220000 | E4: =SUM(田中:中村!E4) -> 760200 | F4: =SUM(田中:中村!F4) -> 25900 | G4: =SUM(B4:F4) -> 1223220
A5: ボールペン | B5: =SUM(田中:中村!B5) -> 39700 | C5: =SUM(田中:中村!C5) -> 11200 | D5: =SUM(田中:中村!D5) -> 12000 | E5: =SUM(田中:中村!E5) -> 13380 | F5: =SUM(田中:中村!F5) -> 6900 | G5: =SUM(B5:F5) -> 83180
A6: 消しゴム | B6: =SUM(田中:中村!B6) -> 16100 | C6: =SUM(田中:中村!C6) -> 5600 | D6: =SUM(田中:中村!D6) -> 12700 | E6: =SUM(田中:中村!E6) -> 14700 | F6: =SUM(田中:中村!F6) -> 700 | G6: =SUM(B6:F6) -> 49800
A7: 替え芯 | B7: =SUM(田中:中村!B7) -> 37700 | C7: =SUM(田中:中村!C7) -> 72300 | D7: =SUM(田中:中村!D7) -> 30000 | E7: =SUM(田中:中村!E7) -> 55600 | F7: =SUM(田中:中村!F7) -> 9800 | G7: =SUM(B7:F7) -> 205400
A8: 蛍光ペン | B8: =SUM(田中:中村!B8) -> 26500 | C8: =SUM(田中:中村!C8) -> 75580 | D8: =SUM(田中:中村!D8) -> 107580 | E8: =SUM(田中:中村!E8) -> 69280 | F8: =SUM(田中:中村!F8) -> 31640 | G8: =SUM(B8:F8) -> 310580
A9: その他 | B9: =SUM(田中:中村!B9) -> 123500 | C9: =SUM(田中:中村!C9) -> 67680 | D9: =SUM(田中:中村!D9) -> 96080 | E9: =SUM(田中:中村!E9) -> 140200 | F9: =SUM(田中:中村!F9) -> 62050 | G9: =SUM(B9:F9) -> 489510
A10: 合計 | B10: =SUM(B4:B9) -> 333500 | C10: =SUM(C4:C9) -> 359480 | D10: =SUM(D4:D9) -> 478360 | E10: =SUM(E4:E9) -> 1053360 | F10: =SUM(F4:F9) -> 136990 | G10: =SUM(B10:F10) -> 2361690
